New Code,Names,population,income,unemployment,crime
E09000001,City of London,3047.552144,46788.29547,0.86659065,100
E05000026,Abbey,12337.12999,28085.56308,8.748906387,138.1392304
E05000027,Alibon,7732.223216,26867.6839,12.44019139,73.58976806
E05000028,Becontree,10480.63412,27487.13705,10.73182137,79.90414807
E05000029,Chadwell Heath,3161.732984,29616.87986,10.14713343,76.12524462
E05000030,Eastbrook,3115.40022,35852.78313,6.663236429,66.66666667
E05000031,Eastbury,8268.425039,27307.50915,11.11891386,82.15682939
E05000032,Gascoigne,15738.56545,23177.79828,14.74703983,75.82736872
E05000033,Goresbrook,8960.573477,27433.61566,11.11111111,74.83711921
E05000034,Heath,5596.418292,25576.44795,11.74426685,83.65296804
E05000035,Longbridge,7232.723515,43316.17296,4.919354839,57.00145064
E05000036,Mayesbrook,5682.981222,26145.97619,11.03763988,67.90064256
E05000037,Parsloes,8079.81734,26416.84659,11.76006314,56.76110106
E05000038,River,4570.07718,27580.051,10.20408163,85.03579536
E05000039,Thames,3319.7602,26360.96825,12.92035398,95.58476576
E05000040,Valence,8044.30556,27169.99894,10.06305833,68.25428458
E05000041,Village,5168.84907,25910.16091,10.55844449,90.8255194
E05000042,Whalebone,7400.305021,35377.00975,7.579954671,72.36781609
E05000043,Brunswick Park,5605.840152,33096.93254,4.291137151,49.37682629
E05000044,Burnt Oak,9529.844862,21754.88931,9.777847309,68.49755941
E05000045,Childs Hill,6951.15761,31739.23877,5.477491543,90.45671774
E05000046,Colindale,11436.61309,22777.74978,8.457869634,58.91364903
E05000047,Coppetts,6597.85781,31264.20919,5.857800806,75.58539945
E05000048,East Barnet,4627.370027,32508.52147,5.221252488,44.00754763
E05000049,East Finchley,6693.520433,34101.10986,4.18485624,47.53977063
E05000050,Edgware,3239.437634,32084.89807,5.567630831,71.35690256
E05000051,Finchley Church End,6200.378627,44146.83763,2.783521552,51.98281766
E05000052,Garden Suburb,3585.745867,58292.2765,2.37298933,65.14377194
E05000053,Golders Green,8796.065821,32816.77042,5.31361716,61.30960656
E05000054,Hale,3365.20288,31958.40708,5.02829426,46.82084209
E05000055,Hendon,6763.635595,31654.23762,3.589375449,72.62869719
E05000056,High Barnet,1992.377201,42286.62755,2.769277846,56.32720988
E05000057,Mill Hill,2337.789867,36854.03401,5.134545455,62.83908349
E05000058,Oakleigh,5017.160799,38718.45897,4.196370706,49.73478939
E05000059,Totteridge,1988.726372,47046.10664,3.353973168,39.73468099
E05000060,Underhill,3878.669078,29172.72761,5.805837563,57.90564428
E05000061,West Finchley,8088.969419,36891.33287,3.066566941,55.2077744
E05000062,West Hendon,5876.948653,27735.65775,4.69151671,99.91148484
E05000063,Woodhouse,7172.369591,31626.11374,4.865334492,69.25996205
E05011217,Barnehurst,3736.011677,34407.77995,3.330970943,46.46121949
E05011218,Belvedere,4353.762347,27269.41039,6.147795487,61.96354124
E05011219,Bexleyheath,6347.963312,36929.48125,1.996151996,28.75695733
E05011220,Blackfen and Lamorbey,5243.338577,39010.33926,2.199101442,37.66937669
E05011221,Blendon and Penhill,5387.657182,40173.28954,1.946647441,26.34045744
E05011222,Crayford,4466.962113,38510.3068,2.779645819,97.50687605
E05011223,Crook Log,6934.601838,27139.13948,7.228371358,39.48876157
E05011224,East Wickham,3087.368755,28313.6497,4.764916719,62.15800274
E05011225,Erith,1599.374714,30236.17147,5.523688124,54.25606753
E05011226,Falconwood and Welling,5061.823269,30690.28486,3.396674584,40.46085458
E05011227,Longlands,4009.681347,26792.34551,8.284263959,82.26632522
E05011228,Northumberland Heath,6555.865554,35510.82104,2.331794996,47.73617564
E05011229,St. Mary's and St. James,4851.931702,28858.25384,5.105239588,59.75853383
E05011230,Sidcup,4100.52248,40059.26808,2.321428571,34.20333553
E05011231,Slade Green and Northend,2819.21107,23139.8315,11.07752105,81.23463071
E05011232,Thamesmead East,6104.448831,31077.31157,4.20084514,42.06216267
E05011233,West Heath,2393.570779,46567.87772,1.655011655,33.17312223
E05000085,Alperton,8209.741903,25565.83625,4.980750722,69.11784695
E05000086,Barnhill,5488.271547,31194.87009,6.547068615,64.74864848
E05000087,Brondesbury Park,7719.350996,41048.95774,3.802922443,70.79579011
E05000088,Dollis Hill,6001.148046,25796.06942,9.169793621,67.28008833
E05000089,Dudden Hill,9664.335332,27477.47033,8.041554444,88.20300898
E05000090,Fryent,5358.391806,30984.33286,4.915409236,58.35677703
E05000091,Harlesden,15982.76017,21076.06937,10.95581605,100.2589928
E05000092,Kensal Green,13481.17992,27724.66949,6.66336797,86.64188023
E05000093,Kenton,5683.971201,47179.12014,2.845318158,51.28824477
E05000094,Kilburn,18908.89831,27586.52731,5.837033168,79.3349442
E05000095,Mapesbury,11553.89065,33581.88463,4.550499445,71.82983021
E05000096,Northwick Park,5018.825259,44333.6968,2.947571877,64.73672213
E05000097,Preston,6783.124257,33827.52938,5.405405405,57.93033048
E05000098,Queens Park,10668.9463,43971.04676,4.207841887,72.87685431
E05000099,Queensbury,8994.559388,31418.20096,5.436852126,64.99252243
E05000100,Stonebridge,4628.909577,20330.52014,13.24750127,116.0115607
E05000101,Sudbury,7271.27259,28074.31943,5.141441255,51.49337377
E05000102,Tokyngton,7991.533686,27738.0247,4.790296053,82.75256223
E05000103,Welsh Harp,6058.724347,26238.07953,6.633395716,62.94408957
E05000104,Wembley Central,10378.74632,25384.52151,4.520547945,118.2698515
E05000105,Willesden Green,10368.01612,25211.64006,6.873248723,94.87211793
E05000106,Bickley,3193.588998,51713.20408,2.111613876,36.53146126
E05000107,Biggin Hill,1255.979489,35929.60869,2.199488491,44.83908948
E05000108,Bromley Common and Keston,1985.989745,34913.91116,4.54179417,52.97803658
E05000109,Bromley Town,5152.614245,40662.78536,2.845967089,138.9853287
E05000110,Chelsfield and Pratts Bottom,1197.943199,45391.76969,1.578044597,40.26255244
E05000111,Chislehurst,1498.869862,49368.37328,2.399737015,55.22358658
E05000112,Clock House,7147.67899,36181.70552,3.231415737,46.02036967
E05000113,Copers Cope,4989.473428,41516.38187,2.801085884,70.53231939
E05000114,Cray Valley East,1212.47174,26867.38342,8.023307934,102.2194039
E05000115,Cray Valley West,4379.840041,26458.38244,7.910271547,71.51217228
E05000116,Crystal Palace,5739.50086,27462.55553,7.018979058,90.03771213
E05000117,Darwin,199.727269,41225.69245,2.017291066,43.85798367
E05000118,Farnborough and Crofton,2133.933975,43662.43065,2.180989583,42.96375983
E05000119,Hayes and Coney Hall,1519.902874,45841.93379,1.669394435,35.04773637
E05000120,Kelsey and Eden Park,3164.100443,43722.35681,2.083986211,59.92971207
E05000121,Mottingham and Chislehurst North,4238.606952,27111.32698,8.033826638,92.98228443
E05000122,Orpington,3688.771099,33763.77217,4.431477685,89.57227799
E05000123,Penge and Cator,6098.549863,30042.9576,6.16527633,89.94142825
E05000124,Petts Wood and Knoll,3254.852637,52745.04914,1.505968779,43.04088525
E05000125,Plaistow and Sundridge,3949.071968,34432.96438,4.242609894,48.55184898
E05000126,Shortlands,4131.642684,51614.06485,1.624462494,33.8005766
E05000127,West Wickham,3457.681381,48554.3723,1.417570879,33.86152936
E05000128,Belsize,16462.32881,52085.28625,3.637253303,60.85603113
E05000129,Bloomsbury,11705.24336,32609.71163,1.473334717,314.1347653
E05000130,Camden Town with Primrose Hill,11447.92694,40104.76284,3.67485182,297.0342555
E05000131,Cantelowes,16527.72839,31935.92204,4.691794268,82.50080567
E05000132,Fortune Green,12170.64738,41743.27334,3.493613824,54.19942077
E05000133,Frognal and Fitzjohns,8103.357012,68436.34772,2.044534413,56.72596114
E05000134,Gospel Oak,17116.36238,31273.3349,6.921824104,65.83753696
E05000135,Hampstead Town,4735.873013,70398.57144,1.596153846,82.89427468
E05000136,Haverstock,17423.50739,28354.03267,8.146174343,87.58664146
E05000137,Highgate,3565.629187,45359.8851,4.69924812,81.01084327
E05000138,Holborn and Covent Garden,11925.38475,32439.8824,4.236179261,310.9984571
E05000139,Kentish Town,13606.10331,34228.79012,5.126877266,88.97876643
E05000140,Kilburn,18316.35483,27178.58319,6.738450851,110.7328145
E05000141,King's Cross,20609.11381,25753.1895,5.267740531,122.437495
E05000142,Regent's Park,11114.73369,27192.09242,5.498036416,131.3025941
E05000143,St. Pancras and Somers Town,12938.83007,22400.9016,8.929849678,93.52234692
E05000144,Swiss Cottage,10821.908,51537.19416,3.822525597,69.97416806
E05000145,West Hampstead,14707.70549,40546.17718,3.687265278,77.63252867
E05011462,Addiscombe,11806.70999,30925.95341,4.832516881,60.99879039
E05011463,Addiscombe West,5623.716225,32407.82677,5.513376717,58.09294872
E05011464,Bensham Manor,11585.39546,26579.86609,7.140456989,64.42559941
E05011465,Broad Green,7888.953587,23329.60933,10.57049367,151.2648425
E05011466,Coulsdon East,1691.723983,42600.36731,2.911237785,34.94322725
E05011467,Crystal Palace and Upper Norwood,2904.955855,48275.36235,2.566242437,46.73301601
E05011468,Fairfield,4720.658908,40590.69879,3.871981712,57.2962177
E05011469,Kenley,6296.043964,35828.06418,4.670154396,215.8954874
E05011470,New Addington,8072.708192,19325.39016,15.50037622,61.84773311
E05011471,New Addington South,1612.45527,36490.23498,3.89133627,70.66508314
E05011472,Norbury and Pollards Hill,2486.086435,45861.7651,3.723856487,35.91916558
E05011473,Norbury,4881.883249,21490.86998,11.44923921,70.0009044
E05011474,Coulsdon,6870.041061,30419.3779,6.094137077,54.24332344
E05011475,Park Hill and Whitgift,3820.194578,46911.64203,3.809691011,78.06297962
E05011476,Purley and Woodcote,2135.203278,49390.4659,2.58780037,29.6034972
E05011477,Purley Oaks and Riddlesdown,8314.892456,24082.49465,9.89010989,95.9292808
E05011478,Sanderstead,1953.631723,47729.11499,1.722209796,35.48279874
E05011479,Selhurst,5275.521225,35272.23317,5.477980666,44.1004472
E05011480,Selsdon and Addington Village,7211.427274,27444.4265,7.327809425,79.97372036
E05011481,Selsdon Vale and Forestdale,10142.34981,26220.97146,8.202708872,82.04760196
E05011482,Shirley North,6442.316489,30003.05347,6.20286286,70.75759424
E05011483,Shirley South,4934.765146,27826.00818,7.52884886,74.28505668
E05011484,South Croydon,9258.460711,25354.45547,9.070072037,90.2945981
E05011485,South Norwood,7985.192775,26956.70333,8.538872061,65.03393331
E05011486,Thornton Heath,6442.316489,30003.05347,6.20286286,70.75759424
E05011487,Waddon,4934.765146,27826.00818,7.52884886,74.28505668
E05011488,West Thornton,9258.460711,25354.45547,9.070072037,90.2945981
E05011489,Woodside,7985.192775,26956.70333,8.538872061,65.03393331
E05000170,Acton Central,9156.838327,30596.55847,5.936801787,77.912977
E05000171,Cleveland,6775.675773,40830.86038,5.722786139,47.79361847
E05000172,Dormers Wells,6290.70128,22639.87018,8.279069767,53.98677004
E05000173,Ealing Broadway,9371.16267,51558.24654,2.862225097,145.6806723
E05000174,Ealing Common,6678.934733,46998.37609,3.704968414,68.89500035
E05000175,East Acton,4794.334733,28095.94425,7.685774947,103.7228542
E05000176,Elthorne,7701.424764,33875.13483,4.781601588,77.5397467
E05000177,Greenford Broadway,7132.384203,25189.31874,8.498896247,81.15434574
E05000178,Greenford Green,4446.38779,30244.16831,4.185022026,74.75989774
E05000179,Hanger Hill,4851.643456,49312.83025,3.474714519,60.36511672
E05000180,Hobbayne,6517.69509,30702.27758,5.976924532,44.2174491
E05000181,Lady Margaret,9177.465593,26453.78834,4.692230071,46.24812941
E05000182,Northfield,8927.933719,53809.1181,1.731354642,44.50625869
E05000183,North Greenford,4620.291831,30505.02117,4.111842105,51.77405238
E05000184,Northolt Mandeville,5604.649138,26235.88725,8.580147191,63.27705798
E05000185,Northolt West End,4329.602636,23060.40461,10.56563501,67.48385396
E05000186,Norwood Green,4280.720425,24069.85584,8.748801534,91.07570844
E05000187,Perivale,4632.172816,30171.39628,4.232505643,73.25912503
E05000188,South Acton,9452.070731,28725.13065,6.538013642,88.68069815
E05000189,Southall Broadway,11006.33792,21534.30221,6.694329184,107.8927824
E05000190,Southall Green,9772.028043,20397.8903,9.064184223,83.92125244
E05000191,Southfield,9659.198287,56216.97627,2.390974912,64.51850759
E05000192,Walpole,9311.304538,50363.80716,2.679059595,73.79909422
E05000193,Bowes,9876.160365,30685.19776,5.084437988,50.77293026
E05000194,Bush Hill Park,5624.898494,41271.98097,3.422401171,53.8569425
E05000195,Chase,865.0513923,29979.72204,7.606382979,55.75654395
E05000196,Cockfosters,1435.734323,45409.73733,3.950143816,46.41350211
E05000197,Edmonton Green,5885.325708,19008.61442,14.77025656,117.6981542
E05000198,Enfield Highway,3547.911908,22552.51236,13.33447157,82.40155566
E05000199,Enfield Lock,5273.175066,23606.61154,13.97628458,69.21493678
E05000200,Grange,4124.608847,49125.93297,3.273696231,59.35278996
E05000201,Haselbury,9214.819434,22545.77856,12.52365388,61.09808166
E05000202,Highlands,2682.767201,44622.08987,2.879913059,40.36738019
E05000203,Jubilee,3742.048148,23500.4018,9.490827405,58.76751462
E05000204,Lower Edmonton,7674.755324,21332.02808,13.57213276,56.16910106
E05000205,Palmers Green,8135.439623,33767.40654,4.662407184,70.28061224
E05000206,Ponders End,4939.372728,21426.95576,12.57042254,80.61212194
E05000207,Southbury,5231.876779,25958.30719,10.54156856,98.76873662
E05000208,Southgate,5544.660566,42298.10606,5.026231173,62.58823529
E05000209,Southgate Green,6026.378319,42373.98118,4.443150951,43.21116928
E05000210,Town,6811.866989,41675.95701,3.941049843,50.3045785
E05000211,Turkey Street,6522.219766,22679.69018,13.06306306,74.46520444
E05000212,Upper Edmonton,7568.876779,21391.01589,13.19511411,120.1754386
E05000213,Winchmore Hill,5016.843554,48411.67765,2.69209198,43.65828854
E05000214,Abbey Wood,6115.436868,25103.66488,10.58014755,77.61767531
E05000215,Blackheath Westcombe,6220.33066,56065.87909,2.814814815,76.5635953
E05000216,Charlton,7212.48523,30963.73538,7.579717721,60.72560761
E05000217,Coldharbour and New Eltham,5315.080315,36672.22487,4.1352657,58.07441504
E05000218,Eltham North,5205.234979,45608.01183,2.665888305,67.20537643
E05000219,Eltham South,2863.991734,35040.5986,4.815472666,75.91519098
E05000220,Eltham West,5812.898864,27422.10119,7.285115304,59.8914301
E05000221,Glyndon,12017.36703,25005.7242,8.675663651,60.93549646
E05000222,Greenwich West,7792.629043,41553.22373,5.980253879,104.0438817
E05000223,Kidbrooke with Hornfair,6211.72943,30278.46218,6.287579454,70.29765674
E05000224,Middle Park and Sutcliffe,4329.425204,30642.7519,7.305194805,64.37481437
E05000225,Peninsula,9460.724104,40187.46187,4.557899823,107.5798506
E05000226,Plumstead,7365.845535,25672.27693,8.058483509,78.72777845
E05000227,Shooters Hill,3673.038571,36160.9535,5.09207065,46.26921635
E05000228,Thamesmead Moorings,5703.07277,27477.6228,11.03924105,70.49404413
E05000229,Woolwich Common,8357.662144,23577.88123,10.17615602,102.9915002
E05000230,Woolwich Riverside,10126.40272,26231.08853,9.786345776,112.7859636
E05009367,Brownswood,20726.24772,26173.33778,5.284719377,91.7194464
E05009368,Cazenove,20497.88278,35119.47579,7.341950766,49.3496044
E05009369,Clissold,13653.36288,46677.37389,5.583269431,70.6202234
E05009370,Dalston,17009.98168,18103.93872,6.419023935,224.8385872
E05009371,De Beauvoir,16850.05139,23369.5096,6.445215667,89.17778538
E05009372,Hackney Central,17216.12663,28161.98065,7.581255697,114.3765509
E05009373,Hackney Downs,13745.83943,28865.46428,7.485745816,79.30107527
E05009374,Hackney Wick,8507.40879,26808.19625,10.38174843,99.49271805
E05009375,Haggerston,16258.47516,26186.81842,7.429840712,88.51549021
E05009376,Homerton,16147.46361,23954.92691,9.577218552,125.4401048
E05009377,Hoxton East and Shoreditch,13091.69068,26332.25535,7.205606153,288.4287454
E05009378,Hoxton West,22067.22015,23547.315,7.8865751,103.125
E05009379,King's Park,7203.557931,27627.8859,11.42252882,66.82923112
E05009380,Lea Bridge,14060.4505,28772.33739,7.747001672,79.38478516
E05009381,London Fields,13269.24778,26794.99267,7.136256632,126.1146497
E05009382,Shacklewell,20823.21094,21071.96283,5.891375406,88.85912034
E05009383,Springfield,14427.39722,34685.04171,9.288561474,73.05601368
E05009384,Stamford Hill West,15379.10234,26616.70251,6.292344286,45.53151458
E05009385,Stoke Newington,15283.52498,44431.05772,5.142761824,96.63332864
E05009386,Victoria,17217.3593,28584.22592,8.543069833,89.77263849
E05009387,Woodberry Down,13737.51135,25448.55765,6.842009554,84.59609724
E05000250,Addison,21358.66333,40081.43203,3.255231622,107.3622363
E05000251,Askew,18885.2459,33219.1337,5.742701315,75.43072246
E05000252,Avonmore and Brook Green,14387.84729,40581.0445,3.007518797,70.50490075
E05000253,College Park and Old Oak,3288.191029,25337.30051,9.553620033,115.6913516
E05000254,Fulham Broadway,19461.95188,35999.4701,3.999196141,95.20760929
E05000255,Fulham Reach,15619.3023,36158.5357,3.764420158,98.6065501
E05000256,Hammersmith Broadway,12450.03291,34148.67607,5.270218475,224.8555895
E05000257,Munster,18021.04858,52241.06264,2.789256198,64.54613095
E05000258,North End,21175.43335,34329.93357,4.163662581,64.62035541
E05000259,Palace Riverside,6900.37095,61999.7919,2.128315854,90.78553955
E05000260,Parsons Green and Walham,12278.5672,62766.84166,2.641752577,124.7746466
E05000261,Ravenscourt Park,9677.475351,46516.30709,4.170989832,101.104503
E05000262,Sands End,12871.02706,40393.71825,6.007820832,69.64551217
E05000263,Shepherd's Bush Green,13152.96761,31125.73714,5.259365994,281.4444808
E05000264,Town,17580.4941,47845.117,4.603528696,100.729927
E05000265,Wormholt and White City,15360.89792,25306.75955,11.10889906,71.89344634
E05000266,Alexandra,4629.186832,56763.98105,2.694480661,63.5625157
E05000267,Bounds Green,10351.74284,27098.42209,7.07384403,81.96142161
E05000268,Bruce Grove,16282.64537,22385.07009,9.877446497,85.17542081
E05000269,Crouch End,8955.845598,56607.0815,1.565187479,67.27877157
E05000270,Fortis Green,6580.566732,54112.11722,3.117085525,57.89391332
E05000271,Harringay,9290.653794,29065.69486,4.935112411,89.52297974
E05000272,Highgate,4970.298458,58276.21584,2.378686965,56.59428188
E05000273,Hornsey,12762.12164,35371.13027,5.993301604,67.23404255
E05000274,Muswell Hill,6955.869544,58199.71241,2.203918077,71.65677773
E05000275,Noel Park,13951.89452,23361.65817,9.823040809,200.6805083
E05000276,Northumberland Park,8448.003729,17794.61031,14.84708393,130.5433682
E05000277,St. Ann's,14856.32788,24882.80683,6.394707828,70.96690796
E05000278,Seven Sisters,12938.05952,25271.7044,8.136813681,79.99265561
E05000279,Stroud Green,11154.3877,43769.72133,4.071442289,54.04957307
E05000280,Tottenham Green,12245.70849,21326.32029,9.282700422,134.5300261
E05000281,Tottenham Hale,10042.41876,19951.86649,12.35141159,103.6750246
E05000282,West Green,10220.78321,23031.23516,8.246828143,80.43557169
E05000283,White Hart Lane,8270.300497,20027.2775,14.58506224,82.14285714
E05000284,Woodside,10920.74942,24738.85988,7.938793879,84.22522103
E05000285,Belmont,6583.982353,40888.63552,3.113052977,35.32959931
E05000286,Canons,2497.19177,37863.55334,3.505496785,42.13333333
E05000287,Edgware,8908.273292,26762.64192,5.895020188,52.59637093
E05000288,Greenhill,7822.797868,31143.35691,4.121431444,129.9243009
E05000289,Harrow on the Hill,3639.325997,34641.52485,4.109589041,57.28017649
E05000290,Harrow Weald,2581.85122,30444.70649,5.264423077,46.98909028
E05000291,Hatch End,3370.279321,44092.30796,2.905811623,41.49871748
E05000292,Headstone North,3352.202746,45313.85001,2.044817927,40.9384957
E05000293,Headstone South,7971.98223,32701.32103,4.373757455,39.73913043
E05000294,Kenton East,9028.657192,26202.35437,5.269219695,33.50200663
E05000295,Kenton West,6602.21245,33082.31447,2.647058824,39.99302954
E05000296,Marlborough,8289.658272,27588.24809,6.313834726,60.89341693
E05000297,Pinner,3173.227722,43853.03316,3.351955307,44.72376498
E05000298,Pinner South,4561.713158,51626.32614,2.49490835,24.49825685
E05000299,Queensbury,7715.475571,28503.6492,4.841815681,37.42271396
E05000300,Rayners Lane,7582.987959,35584.54063,2.917121047,33.50877193
E05000301,Roxbourne,8766.337265,25507.57832,7.646276596,53.11760665
E05000302,Roxeth,7682.929927,28362.64621,4.695331047,64.14652505
E05000303,Stanmore Park,2668.586255,37272.04487,4.29490124,53.26939843
E05000304,Wealdstone,9950.248756,25179.90342,6.800618238,54.45035157
E05000305,West Harrow,7097.489799,33723.08351,4.262829215,31.24120462
E05000306,Brooklands,4437.686787,28476.27782,6.19875369,71.89542484
E05000307,Cranham,1929.821617,43052.94901,1.853997683,32.34565929
E05000308,Elm Park,3478.521833,28398.01139,4.271503803,39.39587662
E05000309,Emerson Park,2606.393634,46348.21993,1.484392054,36.29536921
E05000310,Gooshays,2075.020364,22391.74155,9.077206498,79.86064585
E05000311,Hacton,5110.691079,35243.6984,2.437550363,26.08414762
E05000312,Harold Wood,1897.300694,30449.11384,3.441995993,67.80435776
E05000313,Havering Park,1354.348737,27572.5861,6.417530816,45.68488943
E05000314,Heaton,3923.130072,22792.14143,7.246650311,68.16940956
E05000315,Hylands,4572.528936,36494.08926,2.344689379,55.82468281
E05000316,Mawneys,4321.947276,28924.05253,4.604016673,52.16854453
E05000317,Pettits,3287.335918,38438.17957,2.315087306,40.83210889
E05000318,Rainham and Wennington,880.2093725,28108.96359,5.085085085,74.10021171
E05000319,Romford Town,6841.831516,31618.73567,4.09015025,167.8598452
E05000320,St. Andrew's,5098.76285,33426.22514,2.578495001,65.17857143
E05000321,South Hornchurch,3138.677222,26157.10081,6.031629275,56.72999732
E05000322,Squirrel's Heath,5072.657809,40880.4489,3.214859796,40.83943534
E05000323,Upminster,583.4756156,50544.22383,1.256626743,49.65420779
E05000324,Barnhill,6727.378305,25056.43779,8.583391486,81.57875955
E05000325,Botwell,3759.079667,24391.17946,9.301856336,96.4840038
E05000326,Brunel,4501.191671,28499.27808,5.715551617,96.7807661
E05000327,Cavendish,6040.418603,43454.34765,2.679576672,33.78210952
E05000328,Charville,4454.784775,28525.15021,6.013824885,52.62758202
E05000329,Eastcote and East Ruislip,3113.148809,52786.06453,1.647307286,41.87153053
E05000330,Harefield,522.0975318,32495.05601,3.690159574,64.3282423
E05000331,Heathrow Villages,578.2025299,26390.74239,6.651685393,272.2428174
E05000332,Hillingdon East,3821.440085,30671.10497,5.609326881,55.78893065
E05000333,Ickenham,1740.694537,54191.90479,1.397712834,33.15686821
E05000334,Manor,6027.819145,42227.31584,2.286348502,38.80144769
E05000335,Northwood,1480.141769,52491.27577,2.293577982,46.29118351
E05000336,Northwood Hills,3620.205856,43867.61181,3.142368534,53.93949468
E05000337,Pinkwell,5748.945723,25120.35765,8.672261674,73.60503986
E05000338,South Ruislip,1772.726966,35431.86206,4.233827638,64.79832779
E05000339,Townfield,4287.76016,24100.11086,9.338772005,131.2085533
E05000340,Uxbridge North,3328.894807,41256.9912,2.732814799,100.6078554
E05000341,Uxbridge South,4848.336956,28204.21523,4.665851671,103.2623169
E05000342,West Drayton,4383.075028,27164.44251,7.443846297,81.49079836
E05000343,West Ruislip,2678.123718,45267.9691,2.162988857,65.40736164
E05000344,Yeading,6160.447343,26248.35006,8.898395722,76.36928289
E05000345,Yiewsley,3467.98392,25945.07987,7.690759009,110.052755
E05000346,Bedfont,2933.632466,26481.29794,6.565136859,65.00458856
E05000347,Brentford,5458.792464,29483.31174,5.92878737,79.99481395
E05000348,Chiswick Homefields,5745.51776,58164.94188,2.820671196,83.53242321
E05000349,Chiswick Riverside,6106.338639,56142.15615,2.917564128,62.23646483
E05000350,Cranford,4695.007886,24265.54864,7.37913486,74.40081193
E05000351,Feltham North,3589.916324,26852.42853,5.545023697,77.35407259
E05000352,Feltham West,4998.349602,27638.48075,7.311199037,69.81827265
E05000353,Hanworth,3851.412803,25094.24275,8.707804773,72.90003194
E05000354,Hanworth Park,3373.15569,28590.14281,5.819397993,70.46451933
E05000355,Heston Central,7834.850841,27963.73496,6.083162218,53.04518664
E05000356,Heston East,6337.628027,28581.7108,5.994005994,63.26243353
E05000357,Heston West,3358.098767,23772.03387,9.188247012,100.2726919
E05000358,Hounslow Central,10121.51586,29689.03359,4.197622585,166.8327934
E05000359,Hounslow Heath,5679.81652,26881.95571,7.670396745,64.0078457
E05000360,Hounslow South,6535.911201,38138.60322,2.510141988,41.43318051
E05000361,Hounslow West,8579.293659,26748.65915,4.461343473,92.10623659
E05000362,Isleworth,6229.246439,28984.51894,7.010014306,69.54612006
E05000363,Osterley and Spring Grove,2166.35021,44590.88291,3.356964137,73.1526179
E05000364,Syon,5492.466687,33573.44212,5.405872193,82.16277264
E05000365,Turnham Green,6781.461744,51661.94771,2.535366526,95.01806267
E05000366,Barnsbury,16021.77998,42260.59261,5.993861708,131.4483736
E05000367,Bunhill,16949.46565,33539.1873,6.192181438,179.6531356
E05000368,Caledonian,13511.01566,30826.47675,7.191892775,138.8243336
E05000369,Canonbury,15671.45689,34908.35802,8.080631025,80.20312752
E05000370,Clerkenwell,14046.29918,39498.3169,4.768211921,154.2975207
E05000371,Finsbury Park,18117.12833,28853.21401,8.478643417,161.3333333
E05000372,Highbury East,12350.08779,50613.25672,4.29389313,98.21428571
E05000373,Highbury West,15426.68169,42384.39918,5.405017921,88.49836231
E05000374,Hillrise,15217.47038,33485.13002,8.423752219,74.03151674
E05000375,Holloway,16208.33912,30379.92633,7.442000603,83.31215048
E05000376,Junction,12992.70073,33918.19193,5.560474588,115.5492154
E05000377,Mildmay,16811.80455,34099.72556,8.747855918,92.33305853
E05000378,St. George's,16019.95696,36124.97761,5.994098119,76.54685195
E05000379,St. Mary's,15201.94401,45006.24125,5.015390186,192.219115
E05000380,St. Peter's,17025.89664,42569.21963,6.047516199,127.1072418
E05000381,Tollington,16673.34386,32464.63752,7.050858653,86.42244512
E05009388,Abingdon,18444.9725,52486.99086,3.271891001,88.82850873
E05009389,Brompton and Hans Town,9456.131974,65073.64652,2.021054819,228.5630095
E05009390,Campden,9572.556068,75850.97003,1.972996818,121.6056671
E05009391,Chelsea Riverside,16741.69426,40237.43668,4.901722868,89.98003054
E05009392,Colville,20004.89916,43792.02666,4.073224933,182.2505675
E05009393,Courtfield,16766.23313,67648.03261,1.534919288,109.0723751
E05009394,Dalgarno,8203.906408,20191.56756,7.95967513,124.6579507
E05009395,Earl's Court,21979.8449,42088.54699,2.405031087,110.9400657
E05009396,Golborne,17904.46179,20675.92926,8.771929825,135.347149
E05009397,Holland,9157.695517,44786.98493,4.184572416,62.47873909
E05009398,Norland,11738.21848,28762.37923,4.342552159,87.54993342
E05009399,Notting Dale,16341.04295,30277.19884,6.991612787,102.8221143
E05009400,Pembridge,16038.90728,41063.48295,2.204764318,164.7365846
E05009401,Queen's Gate,16833.2818,63365.73851,1.476356633,86.75750479
E05009402,Redcliffe,13638.7675,55982.45634,1.969734366,79.93680885
E05009403,Royal Hospital,10894.20516,75995.23496,2.068982303,122.7065436
E05009404,St Helen's,13592.0706,17598.40841,8.242146625,98.5915493
E05009405,Stanley,14359.8807,70270.5073,2.270581804,122.5296443
E05000400,Alexandra,3724.311561,36729.45847,2.668247851,34.68688337
E05000401,Berrylands,6774.881354,38971.44941,2.346109175,31.62743091
E05000402,Beverley,5776.776825,36332.70815,4.128440367,64.47280054
E05000403,Canbury,11308.66622,46145.18848,3.016561514,38.42613898
E05000404,Chessington North and Hook,4715.514561,32656.00614,3.615886189,43.92305126
E05000405,Chessington South,1436.756876,33990.30062,3.940520446,47.52869747
E05000406,Coombe Hill,2476.423095,45366.16111,3.906673901,47.8491127
E05000407,Coombe Vale,6192.702325,45089.61382,2.583333333,26.20043833
E05000408,Grove,6509.263985,35972.86244,2.37802378,268.4701652
E05000409,Norbiton,7980.046173,28790.99584,5.259259259,62.399394
E05000410,Old Malden,5416.185228,38539.60544,3.681843732,29.62121994
E05000411,St. James,4293.945998,39195.38631,2.660217654,33.78085751
E05000412,St. Mark's,7959.121371,42759.92022,1.632653061,49.74443227
E05000413,Surbiton Hill,6727.454019,43695.24715,2.30284597,29.59558824
E05000414,Tolworth and Hook Rise,4412.943607,33254.12976,3.295819936,53.66088632
E05000415,Tudor,6318.915674,52566.19977,2.036987403,33.06205493
E05000416,Bishop's,9539.130646,37370.46521,3.763676149,243.593354
E05000417,Brixton Hill,15116.15572,33564.71087,5.377136123,91.54629122
E05000418,Clapham Common,10421.80286,54763.18965,3.804247461,85.64363854
E05000419,Clapham Town,13539.72098,45841.54588,4.36610608,142.481671
E05000420,Coldharbour,15272.42024,25749.37478,9.694163861,180.8646268
E05000421,Ferndale,19865.29216,33354.20424,5.157462346,145.6316782
E05000422,Gipsy Hill,9008.894294,30651.60053,8.007386268,79.60631061
E05000423,Herne Hill,7831.046405,39321.66654,5.132145052,92.35255995
E05000424,Knight's Hill,10464.37356,31320.82105,7.474014189,74.64376082
E05000425,Larkhall,17243.97874,31290.2937,7.216638749,92.77425865
E05000426,Oval,15542.20554,34224.56489,4.769384549,127.4179458
E05000427,Prince's,15430.93715,32140.75813,6.541778174,119.2629816
E05000428,St. Leonard's,10671.87943,35660.95072,4.444085326,103.9743075
E05000429,Stockwell,17882.27693,28812.27452,7.110627042,83.7077167
E05000430,Streatham Hill,12159.32254,35956.82246,4.983606557,76.94391764
E05000431,Streatham South,8862.898904,31725.37905,5.757009346,74.85788645
E05000432,Streatham Wells,10760.25328,32412.87236,5.62908627,72.73087594
E05000433,Thornton,13409.5528,36482.61051,6.433095804,55.17552432
E05000434,Thurlow Park,9242.022154,40415.87834,5.628517824,73.24701775
E05000435,Tulse Hill,15892.24284,29273.62736,8.411356086,80.30011781
E05000436,Vassall,14383.96785,28857.45145,7.21938355,81.0035364
E05000437,Bellingham,5024.783529,25816.39582,9.546422139,94.00915544
E05000438,Blackheath,6750.840081,47875.20253,4.265919352,83.90410959
E05000439,Brockley,11208.02935,33031.5073,4.599865501,78.77376795
E05000440,Catford South,8438.027377,36633.66916,4.884453782,44.82425024
E05000441,Crofton Park,8984.543097,42222.44578,4.183298739,58.35858253
E05000442,Downham,6339.796287,25705.19572,9.321894077,78.92963063
E05000443,Evelyn,13129.34563,24574.39646,10.60584048,69.64134425
E05000444,Forest Hill,8507.262631,39958.9445,5.456501691,69.89957717
E05000445,Grove Park,6372.993552,31108.50828,6.535101909,50.64900308
E05000446,Ladywell,9558.026875,37413.80226,4.54703228,54.98098352
E05000447,Lee Green,8507.467666,42720.30527,3.971518987,60.85437937
E05000448,Lewisham Central,10766.08973,30091.25741,6.811706812,134.9411578
E05000449,New Cross,11101.40395,25578.17427,8.013990268,108.5354256
E05000450,Perry Vale,9587.414663,36186.27139,6.545400328,54.55805456
E05000451,Rushey Green,9746.588694,28845.92047,7.191945022,118.6954873
E05000452,Sydenham,9319.156745,32337.64012,6.256440453,73.20589157
E05000453,Telegraph Hill,11381.93506,30814.22846,6.053975201,51.07637865
E05000454,Whitefoot,6928.12685,27454.14495,9.227428985,70.39379718
E05000455,Abbey,7643.942983,40410.15384,2.583187391,71.6175359
E05000456,Cannon Hill,4340.121613,36756.73335,1.913043478,35.43556212
E05000457,Colliers Wood,10261.94977,30690.27934,2.777150598,79.09351487
E05000458,Cricket Green,4056.043505,22576.26399,7.476851852,78.54959239
E05000459,Dundonald,8550.569893,52565.28013,1.294498382,60.41601338
E05000460,Figge's Marsh,10377.44111,23577.20657,7.266272189,78.84964159
E05000461,Graveney,11501.54676,28187.13832,3.527030934,55.55555556
E05000462,Hillside,7821.830477,56668.82677,1.270289344,56.70995671
E05000463,Lavender Fields,9240.028822,26534.16294,4.790270539,57.93545952
E05000464,Longthornton,7111.896079,27606.46169,5.074053758,50.88006156
E05000465,Lower Morden,5211.278537,31974.6193,2.093023256,33.09768638
E05000466,Merton Park,5539.692864,46515.49637,1.999452205,54.79592886
E05000467,Pollards Hill,5038.691604,25216.34081,6.958412612,60.2420944
E05000468,Ravensbury,5626.406602,25321.36447,5.745914602,63.72788584
E05000469,Raynes Park,5521.112194,49658.23085,2.106775198,43.90537289
E05000470,St. Helier,5825.705723,25566.28849,5.759557344,51.41195234
E05000471,Trinity,9386.529865,48459.71544,2.011695906,83.87354144
E05000472,Village,1464.706214,73072.4439,1.843849035,52.15004575
E05000473,West Barnes,5277.612674,40417.12288,2.65560166,49.57130186
E05000474,Wimbledon Park,5064.781587,53220.53776,2.730455076,42.19703575
E05000475,Beckton,3489.485558,29748.98302,7.937405732,125.234933
E05000476,Boleyn,17771.86594,24550.92842,8.887987013,69.76600605
E05000477,Canning Town North,7115.296261,22758.04405,9.778664731,93.90267115
E05000478,Canning Town South,13672.79026,27465.33405,8.08430324,64.79398694
E05000479,Custom House,7366.339705,25335.44561,8.90354493,108.066111
E05000480,East Ham Central,15891.93484,25412.79235,6.864006864,111.7962133
E05000481,East Ham North,15696.85179,25264.20921,7.095890411,54.66808662
E05000482,East Ham South,9126.073779,24715.91598,10.2811245,67.08582207
E05000483,Forest Gate North,13264.61913,28870.48431,6.890521161,64.71841705
E05000484,Forest Gate South,15363.30437,29256.36123,6.547412296,87.85834739
E05000485,Green Street East,21706.79744,24306.29144,7.162987318,60.12186023
E05000486,Green Street West,19182.62104,24419.5424,7.339901478,71.15811464
E05000487,Little Ilford,9080.811324,22798.29398,11.67611969,75.59484958
E05000488,Manor Park,11761.44493,25035.10176,8.373310074,66.75291074
E05000489,Plaistow North,16104.77758,23869.94392,9.232871364,61.90902121
E05000490,Plaistow South,12278.62364,25069.37281,9.495548961,92.03007519
E05000491,Royal Docks,5895.35295,39475.38666,7.254004577,71.5123095
E05000492,Stratford and New Town,8067.2301,32277.78595,5.015673981,240.8844239
E05000493,Wall End,11004.1765,25070.57659,8.73015873,46.58447184
E05000494,West Ham,12303.66492,25353.06884,8.12962963,58.79390658
E05011234,Aldborough,1936.105045,32318.85594,5.134865135,66.33348478
E05011235,Barkingside,8795.448601,38568.04637,3.483750292,50.52358022
E05011236,Bridge,4614.907314,35129.39579,4.560739807,58.55252136
E05011237,Chadwell,10015.66807,31143.35969,7.73255814,54.46652649
E05011238,Churchfields,8249.380455,48708.70985,2.233849869,60.9632873
E05011239,Clayhall,5493.425933,42751.92107,3.169185763,53.99061033
E05011240,Clementswood,15564.20233,24695.66682,10.80351114,136.6618759
E05011241,Cranbrook,5685.628481,34622.99883,4.925373134,72.95845001
E05011242,Fairlop,3671.061743,32977.88847,5.416834474,57.70269228
E05011243,Fullwell,6033.265231,30670.64665,6.223805532,55.353902
E05011244,Goodmayes,8199.519612,28161.28007,8.201438849,70.32181168
E05011245,Hainault,2503.153266,26079.8352,7.834973505,60.38521603
E05011246,Ilford Town,15333.18053,22715.05842,15.27151539,86.20788943
E05011247,Loxford,7464.787984,30699.3173,6.154568945,52.53390435
E05011248,Mayfield,3477.684317,57592.0411,1.192424597,48.0787254
E05011249,Monkhams,8277.403867,30328.92834,6.979405034,54.92795389
E05011250,Newbury,5438.071579,38224.71106,4.380182862,50.30487805
E05011251,Seven Kings,8471.810231,28526.80418,8.254766394,87.34828981
E05011252,South Woodford,6120.413468,49026.02481,1.821527139,51.82499794
E05011253,Valentines,10244.26587,29042.92003,7.483277592,104.4644672
E05011254,Wanstead Park,2273.020594,49052.92259,2.540716612,71.82273538
E05011255,Wanstead Village,2273.020594,49052.92259,2.540716612,71.82273538
E05000516,Barnes,3987.632669,52016.90178,3.095903166,55.7190318
E05000517,East Sheen,1825.759147,57822.90858,1.927246447,48.66457561
E05000518,Fulwell and Hampton Hill,5423.106606,41686.812,1.646284102,44.74576271
E05000519,"Ham, Petersham & Richmond Riverside",1172.824627,37774.13466,3.662921348,56.03937902
E05000520,Hampton,1504.964201,40256.44471,2.587446095,49.72050603
E05000521,Hampton North,4949.225562,32759.93092,4.1360744,47.85186726
E05000522,Hampton Wick,3867.088885,41069.72799,2.962962963,46.15531024
E05000523,Heathfield,5574.223534,30343.32848,5.385400715,55.31432887
E05000524,Kew,3560.15295,51171.89197,2.417405318,56.67981478
E05000525,Mortlake and Barnes Common,6104.34358,44156.47678,2.894150982,64.06785779
E05000526,North Richmond,4105.876374,44370.1575,2.389436177,58.57129824
E05000527,St. Margarets & North Twickenham,6150.342843,51942.1513,1.956947162,58.32111121
E05000528,South Richmond,4191.776599,53764.82479,1.431888545,110.7497742
E05000529,South Twickenham,6004.531499,49969.45442,1.33432172,35.25925926
E05000530,Teddington,2566.043395,46202.2857,1.169844021,46.35761589
E05000531,Twickenham Riverside,6108.386758,48472.4312,1.524830002,66.71057584
E05000532,West Twickenham,4392.815307,38107.03997,2.523364486,55.23012552
E05000533,Whitton,6180.925847,34972.24305,2.412165705,49.6007984
E05011095,Borough and Bankside,14661.65816,29167.74313,6.023180695,104.8103539
E05011096,Camberwell Green,16365.52057,24982.73801,7.048599936,111.1613487
E05011097,Champion Hill,12607.5911,36840.01747,4.001290739,184.906591
E05011098,Chaucer,20188.58948,30688.75919,5.501202887,114.4016742
E05011099,Dulwich Hill,3819.697888,41521.3001,6.03960396,73.27403643
E05011100,Dulwich Village,12393.57689,50065.32399,2.643005475,60.31953049
E05011101,Dulwich Wood,13387.17273,24323.84999,7.417582418,159.3484419
E05011102,Faraday,17878.49456,22951.90859,8.848146672,97.3930533
E05011103,Goose Green,14573.53874,31455.05101,5.358919687,106.2492445
E05011104,London Bridge and West Bermondsey,10776.46143,22114.93146,9.827213823,98.24561404
E05011105,Newington,19734.15869,26698.99951,7.066276803,110.3555077
E05011106,North Bermondsey,10651.91207,26289.98829,7.173070145,68.72400963
E05011107,North Walworth,18168.01969,23571.51252,10.29384924,95.67880684
E05011108,Nunhead and Queen's Road,6171.140373,40406.44293,5.188431201,56.50723026
E05011109,Old Kent Road,17554.29361,42670.67611,4.096488724,101.939558
E05011110,Peckham,11684.13163,30123.11029,6.92256118,97.54575707
E05011111,Peckham Rye,14892.72105,24812.69957,8.206740003,103.2967033
E05011112,Rotherhithe,10251.67294,37624.45386,5.768098882,52.21972573
E05011113,Rye Lane,12340.6573,47625.62782,3.488756614,53.74930825
E05011114,St. George's,12708.08133,29996.50609,6.686501723,138.149636
E05011115,St. Giles,4627.885702,67726.75584,2.336244541,57.51570807
E05011116,South Bermondsey,12708.08133,29996.50609,6.686501723,138.149636
E05011117,Surrey Docks,4627.885702,67726.75584,2.336244541,57.51570807
E05000555,Beddington North,2145.058047,33563.13414,2.477086946,59.61139408
E05000556,Beddington South,3577.215587,29937.70279,6.54616512,52.90522667
E05000557,Belmont,4457.168327,43152.95258,2.744464945,35.62119896
E05000558,Carshalton Central,5188.208438,39510.30097,2.263521563,44.39522342
E05000559,Carshalton South and Clockhouse,1481.550794,44523.63954,2.687569989,34.07407407
E05000560,Cheam,2709.661661,49340.03066,1.865099642,33.88710591
E05000561,Nonsuch,5768.161844,40078.07621,1.544593921,44.41809559
E05000562,St. Helier,8251.652001,23697.44518,7.595212187,71.89277011
E05000563,Stonecot,5545.528791,32612.38559,2.36882323,48.48649628
E05000564,Sutton Central,9042.488249,28932.30773,4.728041515,158.3682739
E05000565,Sutton North,5683.880196,31624.3587,3.818443804,46.12632966
E05000566,Sutton South,7903.490905,35443.2461,2.386340259,42.50626566
E05000567,Sutton West,6172.319951,38473.81579,2.222222222,33.82838284
E05000568,The Wrythe,7111.033223,30276.78046,3.299067655,61.44773138
E05000569,Wallington North,6762.306471,32457.93142,3.389455029,50.62134503
E05000570,Wallington South,6228.244799,32351.74486,4.057971014,50.54696341
E05000571,Wandle Valley,6378.762131,25428.20777,7.209302326,65.61701426
E05000572,Worcester Park,6157.289362,35727.95507,3.319768687,44.62423889
E05009317,Bethnal Green,18375.53664,40583.58728,8.281618121,93.83806124
E05009318,Blackwall and Cubitt Town,16325.74666,34192.02708,6.33233187,58.81954327
E05009319,Bow East,8948.665738,32155.98063,7.581501137,97.23289777
E05009320,Bow West,10049.87717,38488.78124,6.907566381,96.58301017
E05009321,Bromley North,25717.95971,19777.21664,11.70415008,89.43254492
E05009322,Bromley South,19333.9245,14570.24475,12.41017673,88.93685915
E05009323,Canary Wharf,10968.55916,30073.27879,4.796229554,100.8186444
E05009324,Island Gardens,16904.90054,32940.95183,5.140773081,45.81392066
E05009325,Lansbury,14800.70225,24532.85948,13.69740507,106.4385692
E05009326,Limehouse,21482.27712,15418.64337,9.022198381,58.90410959
E05009327,Mile End,15061.97633,30707.9694,10.02934571,96.65271967
E05009328,Poplar,12512.40454,14675.76817,8.268807713,99.72906722
E05009329,St Dunstan's,17523.9666,19771.01938,8.849369657,73.26099756
E05009330,St Katharine's and Wapping,11988.8354,50181.72037,3.59880255,84.23150077
E05009331,St Peter's,17805.90639,38194.12047,8.023827293,116.3472615
E05009332,Shadwell,17892.42761,22788.57296,8.478073947,85.59658224
E05009333,Spitalfields and Banglatown,15732.43853,41903.27114,5.399905554,202.0345576
E05009334,Stepney Green,21597.60575,23605.801,7.999552204,83.38041811
E05009335,Weavers,23542.99929,30880.10956,6.962138884,134.6831646
E05009336,Whitechapel,16774.67753,36034.61575,5.496902927,119.0524261
E05000590,Cann Hall,16785.56441,25573.12223,7.497995188,61.21446121
E05000591,Cathall,12770.54639,24435.29282,8.874172185,64.18739068
E05000592,Chapel End,7972.326568,31133.55462,6.23766285,73.0309933
E05000593,Chingford Green,2884.636026,41879.92267,3.760913365,68.96224625
E05000594,Endlebury,5848.793302,41573.3281,4.59824603,43.89847349
E05000595,Forest,6747.060749,31156.08601,5.179558011,81.60453188
E05000596,Grove Green,17302.58311,30245.96481,4.214559387,52.41242564
E05000597,Hale End and Highams Park,5240.978486,39795.33137,5.355008367,52.13150593
E05000598,Hatch Lane,4800.907206,34954.8781,5.753485284,64.41393875
E05000599,High Street,5018.094562,28928.93805,5.52854313,151.3328776
E05000600,Higham Hill,4734.201736,25694.1708,9.477796053,67.65938991
E05000601,Hoe Street,13362.90748,28498.61279,6.073472402,87.38807524
E05000602,Larkswood,6123.832115,31879.78133,5.931251404,61.83909991
E05000603,Lea Bridge,6384.924023,25412.92397,7.78988744,98.35147745
E05000604,Leyton,7528.860632,24421.20737,9.468023814,88.15333379
E05000605,Leytonstone,10375.90646,37186.24567,3.80952381,89.80327376
E05000606,Markhouse,10946.85115,27217.46955,7.730263158,72.31886043
E05000607,Valley,6020.697091,30265.93344,6.29775411,104.0516436
E05000608,William Morris,14261.55186,28763.13418,6.990330379,55.56777362
E05000609,Wood Street,7702.244731,29202.31859,6.655257654,73.99135447
E05000610,Balham,12585.00033,59086.96544,1.685750636,78.0391891
E05000611,Bedford,8505.097518,43954.24563,3.078358209,53.68944607
E05000612,Earlsfield,11614.56738,39088.31748,2.73419991,66.13484303
E05000613,East Putney,10122.08602,52049.21428,1.925010774,42.58664745
E05000614,Fairfield,11248.67504,49106.25766,2.215283973,83.61429535
E05000615,Furzedown,11340.51212,32917.35951,5.543423484,58.63779883
E05000616,Graveney,15773.80658,32078.64392,5.639344262,100.2486586
E05000617,Latchmere,14954.85848,28208.96698,7.830076969,74.64225861
E05000618,Nightingale,12419.13358,52525.04919,2.214080917,64.4587382
E05000619,Northcote,9520.398723,63238.53845,1.591384022,101.6132271
E05000620,Queenstown,9023.585786,34243.3792,5.057034221,74.84798231
E05000621,Roehampton,4091.181357,24060.90818,8.622431795,83.50619333
E05000622,St. Mary's Park,16576.47341,40117.21608,3.899289864,76.62972232
E05000623,Shaftesbury,15560.87732,49978.66342,2.664381427,79.82542588
E05000624,Southfields,11346.56881,46250.37459,3.27821711,69.44188617
E05000625,Thamesfield,9670.946789,64318.82496,1.292186075,96.19506967
E05000626,Tooting,10998.62517,29916.65991,5.903814262,77.63157895
E05000627,Wandsworth Common,6329.182595,56835.01239,2.218246869,58.75568655
E05000628,West Hill,10203.59736,35535.08086,5.419528217,38.03390242
E05000629,West Putney,8470.402304,38566.02195,4.420951466,51.29235302
E05000630,Abbey Road,10777.04307,57711.53545,3.533026114,45.78144185
E05000631,Bayswater,20404.62762,46417.81143,2.436806692,106.2547819
E05000632,Bryanston and Dorset Square,17699.60452,47755.01363,2.601809955,170.4965451
E05000633,Churchill,21806.55166,29500.13444,8.616531462,107.5618653
E05000634,Church Street,27107.0049,19572.05075,12.60860352,80.94800968
E05000635,Harrow Road,25010.58916,28631.27814,8.72125115,67.06968385
E05000636,Hyde Park,15547.45901,42399.92855,4.368546465,152.609827
E05000637,Knightsbridge and Belgravia,2949.113875,91551.6269,2.730551262,177.0833333
E05000638,Lancaster Gate,22114.07375,45043.42155,2.990131094,150.4268472
E05000639,Little Venice,17965.57513,46167.17854,4.491199676,74.82305359
E05000640,Maida Vale,16946.52944,37649.57468,7.053571429,59.0100913
E05000641,Marylebone High Street,11387.81504,61388.52475,1.4803849,302.4390244
E05000642,Queen's Park,22524.45145,25397.68732,10.78240561,62.18905473
E05000643,Regent's Park,5696.527999,43452.57863,4.07232173,66.55345302
E05000644,St. James's,4119.248323,50132.23652,2.133632791,990.0043085
E05000645,Tachbrook,24160.73245,43456.08923,2.430555556,57.7014783
E05000646,Vincent Square,18498.2763,41351.85784,4.310175162,82.42929097
E05000647,Warwick,17261.21979,48217.58289,2.447761194,138.0523647
E05000648,Westbourne,20178.57671,25777.22011,11.68782674,75.47169811
E05000649,West End,5775.77973,54945.21578,2.016949153,1212.132219
,,,,,
,,,,,
